/index.html    /index    301
/service.html  /service  301
/about.html    /about    301
/coming-soon.html    /coming-soon    301
/contact.html  /contact  301
/pricing.html    /pricing    301
/schedule.html    /schedule    301
/success.html    /success    301